<step title="BackgroundTrace" date="2025-06-10T02:48:35.491" instance="dc7a13" url="/api/zipdeploy" method="POST" >
  <step title="Creating temporary deployment - FetchDeploymentManager" date="2025-06-10T02:48:35.564" /><!-- duration: 2ms -->
  <step title="Creating temporary deployment" date="2025-06-10T02:48:35.571" /><!-- duration: 95ms -->
  <step title="Performing fetch based deployment" date="2025-06-10T02:48:35.734" >
    <step title="Cleaning up temp folders from previous zip deployments and extracting pushed zip file /tmp/zipdeploy/647450b3-9b91-421f-a1f4-e79c2f4869e5.zip (0.50 MB) to /tmp/zipdeploy/extracted" date="2025-06-10T02:48:36.877" >
      <step title="ChmodRecursive Process exited with total time taken in ms: 165" date="2025-06-10T02:48:37.401" /><!-- duration: 10ms -->
    </step><!-- duration: 551ms -->
    <step title="Deployment timer started" date="2025-06-10T02:48:39.451" >
      <step title="DeploymentManager.Deploy(id:24e4ac92-4db9-4734-89a2-83e5e00975a0)" date="2025-06-10T02:48:39.462" >
        <step title="Collecting changeset information" date="2025-06-10T02:48:39.511" /><!-- duration: 82ms -->
        <step title="Updating submodules" date="2025-06-10T02:48:39.600" /><!-- duration: 1103ms -->
        <step title="Determining deployment builder" date="2025-06-10T02:48:40.964" >
          <step title="Builder is OryxBuilder" date="2025-06-10T02:48:40.994" /><!-- duration: 8ms -->
        </step><!-- duration: 41ms -->
        <step title="PreDeployment: context.CleanOutputPath False" date="2025-06-10T02:48:41.045" >
          <step title="PreDeployment: context.OutputPath /home/site/wwwroot" date="2025-06-10T02:48:41.150" >
            <step title="Building" date="2025-06-10T02:48:41.250" >
              <step title="Executing external process" date="2025-06-10T02:48:41.677" type="process" path="bash" arguments="-c &quot;oryx build /tmp/zipdeploy/extracted -o /home/site/wwwroot --platform python --platform-version 3.10 -p virtualenv_name=antenv --log-file /tmp/build-debug.log  -i /tmp/8dda7c94ee14035 --compress-destination-dir | tee /tmp/oryx-build.log ; exit $PIPESTATUS &quot;" >
                <step title="Cpu: python(948,13.350s)+ts(949,0.100s)+build.sh(947,0.000s)+build.sh(946,0.000s)+build.sh(841,0.040s)+oryx(822,3.090s)+tee(823,0.000s)+bash(821,0.010s)=total(16.590s)" date="2025-06-10T02:50:20.913" /><!-- duration: 28ms -->
                <step title="bash: no io activity for 60s, prev-cpu=-1.000s, current-cpu=16.590s" date="2025-06-10T02:50:20.961" /><!-- duration: 4ms -->
              </step><!-- duration: 143979ms -->
              <step title="Using PythonDeploymentLogParser" date="2025-06-10T02:51:06.088" /><!-- duration: 14ms -->
              <step title="Triggering recycle (preview mode disabled)." date="2025-06-10T02:51:07.013" /><!-- duration: 11ms -->
              <step title="Modified file to trigger a restart of the app container." date="2025-06-10T02:51:07.052" /><!-- duration: 9ms -->
              <step title="Skip function trigger and logicapp sync because function is not enabled." date="2025-06-10T02:51:07.089" /><!-- duration: 4ms -->
            </step><!-- duration: 146439ms -->
          </step><!-- duration: 146542ms -->
          <step title="Cleaning up temp files" date="2025-06-10T02:51:07.694" /><!-- duration: 4495ms -->
          <step title="Cleaning up temp files" date="2025-06-10T02:51:12.195" /><!-- duration: 509ms -->
          <step title="Reloading status file with latest updates" date="2025-06-10T02:51:12.730" >
            <step title="WebHooksManager.PublishEventAsync: PostDeployment" date="2025-06-10T02:51:12.740" /><!-- duration: 176ms -->
          </step><!-- duration: 196ms -->
          <step title="Cleaning up temporary deployment - fetch deployment was successful" date="2025-06-10T02:51:12.956" /><!-- duration: 3ms -->
        </step><!-- duration: 151959ms -->
      </step><!-- duration: 153561ms -->
