<step title="Incoming Request" date="2025-06-10T02:48:34.940" instance="dc7a13" url="/api/zipdeploy?isAsync=true" method="POST" type="request" pid="770,1,15" Accept="*/*" Host="minimalwave-blog.scm.azurewebsites.net" User-Agent="AZURECLI/2.70.0 (HOMEBREW)" Accept-Encoding="gzip, deflate" Authorization="Bas..." Cache-Control="no-cache" Content-Type="application/octet-stream" Cookie="ARRAffinity=dc7a138dfcb63bce17254cc4321cf14c9178fc6ae4c339b927686049d314ddf6; ARRAffinitySameSite=dc7a138dfcb63bce17254cc4321cf14c9178fc6ae4c339b927686049d314ddf6" Content-Length="528257" x-ms-client-request-id="5dbddafa-45a5-11f0-b85f-aea4fdf2aefa" x-ms-artifact-checksum="b9000f36e13a5e275091f27eb9ba78c944c76afa89dbd7c12ea1eec592958586" X-ARR-LOG-ID="5dbddafa-45a5-11f0-b85f-aea4fdf2aefa" CLIENT-IP="73.251.19.88:58093" X-SITE-DEPLOYMENT-ID="minimalwave-blog" WAS-DEFAULT-HOSTNAME="minimalwave-blog.scm.azurewebsites.net" X-Forwarded-Proto="https" X-AppService-Proto="https" X-Forwarded-TlsVersion="1.3" X-WAWS-Unencoded-URL="/api/zipdeploy?isAsync=true" X-Client-IP="73.251.19.88" X-Client-Port="58093" >
  <step title="ZipPushDeploy" date="2025-06-10T02:48:35.019" >
    <step title="ZipDeploy. Extract zip. Remote build." date="2025-06-10T02:48:35.036" /><!-- duration: 16ms -->
    <step title="None repository commit" date="2025-06-10T02:48:35.058" >
      <step title="Commit id: 24e4ac92-4db9-4734-89a2-83e5e00975a0" date="2025-06-10T02:48:35.062" Message="N/A" AuthorName="N/A" AuthorEmail="N/A" /><!-- duration: 4ms -->
    </step><!-- duration: 11ms -->
    <step title="Starting PushDeployAsync" date="2025-06-10T02:48:35.076" /><!-- duration: 3ms -->
    <step title="Writing artifact to /tmp/zipdeploy/647450b3-9b91-421f-a1f4-e79c2f4869e5.zip" date="2025-06-10T02:48:35.110" >
      <step title="Writing multipart request body to /tmp/zipdeploy/647450b3-9b91-421f-a1f4-e79c2f4869e5.zip" date="2025-06-10T02:48:35.115" /><!-- duration: 10ms -->
    </step><!-- duration: 354ms -->
    <step title="Start deployment in the background" date="2025-06-10T02:48:35.483" >
      <step title="Acquiring Deployment Lock" date="2025-06-10T02:48:35.522" /><!-- duration: 2ms -->
      <step title="Acquired Deployment Lock" date="2025-06-10T02:48:35.560" /><!-- duration: 2ms -->
    </step><!-- duration: 187ms -->
  </step><!-- duration: 657ms -->
  <step title="Outgoing response" date="2025-06-10T02:48:35.692" type="response" statusCode="202" statusText="Accepted" /><!-- duration: 3ms -->
</step><!-- duration: 757ms -->
