﻿<?xml version="1.0" encoding="utf-8"?>
<deployment>
  <id>96ae912eedd2ee84b5ff7c9c082abee7b71d15301751681468820</id>
  <author>jamesfishwick</author>
  <deployer>GitHub</deployer>
  <authorEmail />
  <message>{"type":"Deployment","sha":"96ae912eedd2ee84b5ff7c9c082abee7b71d1530","repoName":"jamesfishwick/minimalwave-blog","actor":"jamesfishwick","slotName":"production"}</message>
  <progress />
  <status>Success</status>
  <statusText />
  <lastSuccessEndTime>2025-07-05T02:11:10.0167544Z</lastSuccessEndTime>
  <receivedTime>2025-07-05T02:11:10.0167544Z</receivedTime>
  <startTime>2025-07-05T02:11:10.0167544Z</startTime>
  <endTime>2025-07-05T02:11:10.0167544Z</endTime>
  <complete>True</complete>
  <is_temp>False</is_temp>
  <is_readonly>True</is_readonly>
  <buildSummary />
</deployment>