﻿<?xml version="1.0" encoding="utf-8"?>
<deployment>
  <id>7a0b90e8901677b55f743aa24c568d7f221f8c101751683395247</id>
  <author>jamesfishwick</author>
  <deployer>GitHub</deployer>
  <authorEmail />
  <message>{"type":"Deployment","sha":"7a0b90e8901677b55f743aa24c568d7f221f8c10","repoName":"jamesfishwick/minimalwave-blog","actor":"jamesfishwick","slotName":"production"}</message>
  <progress />
  <status>Success</status>
  <statusText />
  <lastSuccessEndTime>2025-07-05T02:43:16.9142052Z</lastSuccessEndTime>
  <receivedTime>2025-07-05T02:43:16.9142052Z</receivedTime>
  <startTime>2025-07-05T02:43:16.9142052Z</startTime>
  <endTime>2025-07-05T02:43:16.9142052Z</endTime>
  <complete>True</complete>
  <is_temp>False</is_temp>
  <is_readonly>True</is_readonly>
  <buildSummary />
</deployment>