﻿<?xml version="1.0" encoding="utf-8"?>
<deployment>
  <id>6bc03d28-e2b4-41db-a8da-4f86d8ce2394</id>
  <author>N/A</author>
  <deployer>Push-Deployer</deployer>
  <authorEmail>N/A</authorEmail>
  <message>Created via a push deployment</message>
  <progress></progress>
  <status>Success</status>
  <statusText></statusText>
  <lastSuccessEndTime>2025-06-10T02:43:11.7427663Z</lastSuccessEndTime>
  <receivedTime>2025-06-10T02:42:42.1836541Z</receivedTime>
  <startTime>2025-06-10T02:42:44.2121983Z</startTime>
  <endTime>2025-06-10T02:43:11.7427663Z</endTime>
  <complete>True</complete>
  <is_temp>False</is_temp>
  <is_readonly>True</is_readonly>
  <buildSummary />
</deployment>