﻿<?xml version="1.0" encoding="utf-8"?>
<deployment>
  <id>513e157ae7dbf898d42175205a75e408002ec2131751673249212</id>
  <author>jamesfishwick</author>
  <deployer>GitHub</deployer>
  <authorEmail />
  <message>{"type":"Deployment","sha":"513e157ae7dbf898d42175205a75e408002ec213","repoName":"jamesfishwick/minimalwave-blog","actor":"jamesfishwick","slotName":"production"}</message>
  <progress />
  <status>Success</status>
  <statusText />
  <lastSuccessEndTime>2025-07-04T23:56:41.6189614Z</lastSuccessEndTime>
  <receivedTime>2025-07-04T23:56:41.6189614Z</receivedTime>
  <startTime>2025-07-04T23:56:41.6189614Z</startTime>
  <endTime>2025-07-04T23:56:41.6189614Z</endTime>
  <complete>True</complete>
  <is_temp>False</is_temp>
  <is_readonly>True</is_readonly>
  <buildSummary />
</deployment>