﻿<?xml version="1.0" encoding="utf-8"?>
<deployment>
  <id>24e4ac92-4db9-4734-89a2-83e5e00975a0</id>
  <author>N/A</author>
  <deployer>Push-Deployer</deployer>
  <authorEmail>N/A</authorEmail>
  <message>Created via a push deployment</message>
  <progress></progress>
  <status>Success</status>
  <statusText></statusText>
  <lastSuccessEndTime>2025-06-10T02:51:07.4311781Z</lastSuccessEndTime>
  <receivedTime>2025-06-10T02:48:39.5409523Z</receivedTime>
  <startTime>2025-06-10T02:48:40.8772984Z</startTime>
  <endTime>2025-06-10T02:51:07.4311781Z</endTime>
  <complete>True</complete>
  <is_temp>False</is_temp>
  <is_readonly>True</is_readonly>
  <buildSummary />
</deployment>