﻿<?xml version="1.0" encoding="utf-8"?>
<deployment>
  <id>5c8da73d5ec7ee4fc1cf33651eac541ad647d71c1751684167417</id>
  <author>jamesfishwick</author>
  <deployer>GitHub</deployer>
  <authorEmail />
  <message>{"type":"Deployment","sha":"5c8da73d5ec7ee4fc1cf33651eac541ad647d71c","repoName":"jamesfishwick/minimalwave-blog","actor":"jamesfishwick","slotName":"production"}</message>
  <progress />
  <status>Success</status>
  <statusText />
  <lastSuccessEndTime>2025-07-05T02:56:29.8582316Z</lastSuccessEndTime>
  <receivedTime>2025-07-05T02:56:29.8582316Z</receivedTime>
  <startTime>2025-07-05T02:56:29.8582316Z</startTime>
  <endTime>2025-07-05T02:56:29.8582316Z</endTime>
  <complete>True</complete>
  <is_temp>False</is_temp>
  <is_readonly>True</is_readonly>
  <buildSummary />
</deployment>