﻿<?xml version="1.0" encoding="utf-8"?>
<deployment>
  <id>ab23666ac83f46c3a237521220e06daf1a79e9f31751683862592</id>
  <author>jamesfishwick</author>
  <deployer>GitHub</deployer>
  <authorEmail />
  <message>{"type":"Deployment","sha":"ab23666ac83f46c3a237521220e06daf1a79e9f3","repoName":"jamesfishwick/minimalwave-blog","actor":"jamesfishwick","slotName":"production"}</message>
  <progress />
  <status>Success</status>
  <statusText />
  <lastSuccessEndTime>2025-07-05T02:51:04.2252034Z</lastSuccessEndTime>
  <receivedTime>2025-07-05T02:51:04.2252034Z</receivedTime>
  <startTime>2025-07-05T02:51:04.2252034Z</startTime>
  <endTime>2025-07-05T02:51:04.2252034Z</endTime>
  <complete>True</complete>
  <is_temp>False</is_temp>
  <is_readonly>True</is_readonly>
  <buildSummary />
</deployment>