﻿<?xml version="1.0" encoding="utf-8"?>
<deployment>
  <id>a70e346b544b82b4478ec6222116016a3b2510421751682503519</id>
  <author>jamesfishwick</author>
  <deployer>GitHub</deployer>
  <authorEmail />
  <message>{"type":"Deployment","sha":"a70e346b544b82b4478ec6222116016a3b251042","repoName":"jamesfishwick/minimalwave-blog","actor":"jamesfishwick","slotName":"production"}</message>
  <progress />
  <status>Success</status>
  <statusText />
  <lastSuccessEndTime>2025-07-05T02:29:20.5718262Z</lastSuccessEndTime>
  <receivedTime>2025-07-05T02:29:20.5718262Z</receivedTime>
  <startTime>2025-07-05T02:29:20.5718262Z</startTime>
  <endTime>2025-07-05T02:29:20.5718262Z</endTime>
  <complete>True</complete>
  <is_temp>False</is_temp>
  <is_readonly>True</is_readonly>
  <buildSummary />
</deployment>