<step title="Incoming Request" date="2025-06-10T02:42:29.365" instance="dc7a13" url="/api/zipdeploy?isAsync=true" method="POST" type="request" pid="770,1,59" Accept="*/*" Host="minimalwave-blog.scm.azurewebsites.net" User-Agent="AZURECLI/2.70.0 (HOMEBREW)" Accept-Encoding="gzip, deflate" Authorization="Bas..." Cache-Control="no-cache" Content-Type="application/octet-stream" Cookie="ARRAffinity=dc7a138dfcb63bce17254cc4321cf14c9178fc6ae4c339b927686049d314ddf6; ARRAffinitySameSite=dc7a138dfcb63bce17254cc4321cf14c9178fc6ae4c339b927686049d314ddf6" Content-Length="392938" x-ms-client-request-id="665b6ea8-45a4-11f0-9ee1-aea4fdf2aefa" x-ms-artifact-checksum="53d53539cbd3b84652d3f2d5d49c5fc4f25806792ad4f1d4968ec0bf8a9b5258" X-ARR-LOG-ID="665b6ea8-45a4-11f0-9ee1-aea4fdf2aefa" CLIENT-IP="73.251.19.88:56358" X-SITE-DEPLOYMENT-ID="minimalwave-blog" WAS-DEFAULT-HOSTNAME="minimalwave-blog.scm.azurewebsites.net" X-Forwarded-Proto="https" X-AppService-Proto="https" X-Forwarded-TlsVersion="1.3" X-WAWS-Unencoded-URL="/api/zipdeploy?isAsync=true" X-Client-IP="73.251.19.88" X-Client-Port="56358" >
  <step title="Cleanup Xml Logs" date="2025-06-10T02:42:29.384" /><!-- duration: 27ms -->
  <step title="ZipPushDeploy" date="2025-06-10T02:42:30.012" >
    <step title="ZipDeploy. Extract zip." date="2025-06-10T02:42:30.051" /><!-- duration: 4ms -->
    <step title="None repository commit" date="2025-06-10T02:42:30.266" >
      <step title="Commit id: 6bc03d28-e2b4-41db-a8da-4f86d8ce2394" date="2025-06-10T02:42:30.277" Message="N/A" AuthorName="N/A" AuthorEmail="N/A" /><!-- duration: 39ms -->
    </step><!-- duration: 59ms -->
    <step title="Starting PushDeployAsync" date="2025-06-10T02:42:30.382" /><!-- duration: 29ms -->
    <step title="Writing artifact to /tmp/zipdeploy/0e40919b-81bc-4168-b338-704d9b6bf9c0.zip" date="2025-06-10T02:42:30.577" >
      <step title="Writing multipart request body to /tmp/zipdeploy/0e40919b-81bc-4168-b338-704d9b6bf9c0.zip" date="2025-06-10T02:42:30.617" /><!-- duration: 7ms -->
    </step><!-- duration: 1193ms -->
    <step title="Start deployment in the background" date="2025-06-10T02:42:31.916" >
      <step title="Acquiring Deployment Lock" date="2025-06-10T02:42:32.004" /><!-- duration: 9ms -->
      <step title="Acquired Deployment Lock" date="2025-06-10T02:42:32.229" /><!-- duration: 30ms -->
    </step><!-- duration: 1251ms -->
  </step><!-- duration: 3417ms -->
  <step title="Outgoing response" date="2025-06-10T02:42:33.527" type="response" statusCode="202" statusText="Accepted" /><!-- duration: 9ms -->
</step><!-- duration: 4191ms -->
