﻿<?xml version="1.0" encoding="utf-8"?>
<deployment>
  <id>a822bd18422a8bc8de0fd51431c8d31a2415744e1751677444531</id>
  <author>jamesfishwick</author>
  <deployer>GitHub</deployer>
  <authorEmail />
  <message>{"type":"Deployment","sha":"a822bd18422a8bc8de0fd51431c8d31a2415744e","repoName":"jamesfishwick/minimalwave-blog","actor":"jamesfishwick","slotName":"production"}</message>
  <progress />
  <status>Success</status>
  <statusText />
  <lastSuccessEndTime>2025-07-05T01:04:06.518224Z</lastSuccessEndTime>
  <receivedTime>2025-07-05T01:04:06.518224Z</receivedTime>
  <startTime>2025-07-05T01:04:06.518224Z</startTime>
  <endTime>2025-07-05T01:04:06.518224Z</endTime>
  <complete>True</complete>
  <is_temp>False</is_temp>
  <is_readonly>True</is_readonly>
  <buildSummary />
</deployment>