﻿<?xml version="1.0" encoding="utf-8"?>
<deployment>
  <id>f1a844309ce2305ad5c8eb092092dabede40be6a1751677921126</id>
  <author>jamesfishwick</author>
  <deployer>GitHub</deployer>
  <authorEmail />
  <message>{"type":"Deployment","sha":"f1a844309ce2305ad5c8eb092092dabede40be6a","repoName":"jamesfishwick/minimalwave-blog","actor":"jamesfishwick","slotName":"production"}</message>
  <progress />
  <status>Success</status>
  <statusText />
  <lastSuccessEndTime>2025-07-05T01:12:47.9511087Z</lastSuccessEndTime>
  <receivedTime>2025-07-05T01:12:47.9511087Z</receivedTime>
  <startTime>2025-07-05T01:12:47.9511087Z</startTime>
  <endTime>2025-07-05T01:12:47.9511087Z</endTime>
  <complete>True</complete>
  <is_temp>False</is_temp>
  <is_readonly>True</is_readonly>
  <buildSummary />
</deployment>