﻿<?xml version="1.0" encoding="utf-8"?>
<deployment>
  <id>8483805dcc68c699b8435b980996d826051189fc1751676770527</id>
  <author>jamesfishwick</author>
  <deployer>GitHub</deployer>
  <authorEmail />
  <message>{"type":"Deployment","sha":"8483805dcc68c699b8435b980996d826051189fc","repoName":"jamesfishwick/minimalwave-blog","actor":"jamesfishwick","slotName":"production"}</message>
  <progress />
  <status>Success</status>
  <statusText />
  <lastSuccessEndTime>2025-07-05T00:52:51.9024103Z</lastSuccessEndTime>
  <receivedTime>2025-07-05T00:52:51.9024103Z</receivedTime>
  <startTime>2025-07-05T00:52:51.9024103Z</startTime>
  <endTime>2025-07-05T00:52:51.9024103Z</endTime>
  <complete>True</complete>
  <is_temp>False</is_temp>
  <is_readonly>True</is_readonly>
  <buildSummary />
</deployment>