﻿<?xml version="1.0" encoding="utf-8"?>
<deployment>
  <id>354978999dba2e8bc6e78574267b821d8904461a1751682221134</id>
  <author>jamesfishwick</author>
  <deployer>GitHub</deployer>
  <authorEmail />
  <message>{"type":"Deployment","sha":"354978999dba2e8bc6e78574267b821d8904461a","repoName":"jamesfishwick/minimalwave-blog","actor":"jamesfishwick","slotName":"production"}</message>
  <progress />
  <status>Success</status>
  <statusText />
  <lastSuccessEndTime>2025-07-05T02:24:02.09916Z</lastSuccessEndTime>
  <receivedTime>2025-07-05T02:24:02.09916Z</receivedTime>
  <startTime>2025-07-05T02:24:02.09916Z</startTime>
  <endTime>2025-07-05T02:24:02.09916Z</endTime>
  <complete>True</complete>
  <is_temp>False</is_temp>
  <is_readonly>True</is_readonly>
  <buildSummary />
</deployment>