﻿<?xml version="1.0" encoding="utf-8"?>
<deployment>
  <id>c082cffe501b830adfb4579039464d3a61dd76f01751678323569</id>
  <author>jamesfishwick</author>
  <deployer>GitHub</deployer>
  <authorEmail />
  <message>{"type":"Deployment","sha":"c082cffe501b830adfb4579039464d3a61dd76f0","repoName":"jamesfishwick/minimalwave-blog","actor":"jamesfishwick","slotName":"production"}</message>
  <progress />
  <status>Success</status>
  <statusText />
  <lastSuccessEndTime>2025-07-05T01:18:44.3578792Z</lastSuccessEndTime>
  <receivedTime>2025-07-05T01:18:44.3578792Z</receivedTime>
  <startTime>2025-07-05T01:18:44.3578792Z</startTime>
  <endTime>2025-07-05T01:18:44.3578792Z</endTime>
  <complete>True</complete>
  <is_temp>False</is_temp>
  <is_readonly>True</is_readonly>
  <buildSummary />
</deployment>