<step title="BackgroundTrace" date="2025-06-10T02:42:31.936" instance="dc7a13" url="/api/zipdeploy" method="POST" >
  <step title="Creating temporary deployment - FetchDeploymentManager" date="2025-06-10T02:42:32.268" /><!-- duration: 10ms -->
  <step title="Creating temporary deployment" date="2025-06-10T02:42:32.298" /><!-- duration: 818ms -->
  <step title="Performing fetch based deployment" date="2025-06-10T02:42:33.693" >
    <step title="Cleaning up temp folders from previous zip deployments and extracting pushed zip file /tmp/zipdeploy/0e40919b-81bc-4168-b338-704d9b6bf9c0.zip (0.37 MB) to /tmp/zipdeploy/extracted" date="2025-06-10T02:42:35.868" >
      <step title="ChmodRecursive Process exited with total time taken in ms: 925" date="2025-06-10T02:42:39.089" /><!-- duration: 39ms -->
    </step><!-- duration: 3355ms -->
    <step title="Deployment timer started" date="2025-06-10T02:42:41.564" >
      <step title="DeploymentManager.Deploy(id:6bc03d28-e2b4-41db-a8da-4f86d8ce2394)" date="2025-06-10T02:42:41.610" >
        <step title="Collecting changeset information" date="2025-06-10T02:42:41.958" /><!-- duration: 332ms -->
        <step title="Updating submodules" date="2025-06-10T02:42:42.368" /><!-- duration: 1358ms -->
        <step title="Determining deployment builder" date="2025-06-10T02:42:44.395" >
          <step title="Builder is BasicBuilder" date="2025-06-10T02:42:44.593" /><!-- duration: 55ms -->
        </step><!-- duration: 275ms -->
        <step title="PreDeployment: context.CleanOutputPath False" date="2025-06-10T02:42:44.776" >
          <step title="PreDeployment: context.OutputPath /home/site/wwwroot" date="2025-06-10T02:42:45.135" >
            <step title="Building" date="2025-06-10T02:42:45.795" >
              <step title="Executing external process" date="2025-06-10T02:42:47.274" type="process" path="starter.sh" arguments="/opt/Kudu/Scripts/parallel_rsync.sh /tmp/zipdeploy/extracted /home/site/wwwroot 8 /tmp/ False True  " /><!-- duration: 23656ms -->
              <step title="Triggering recycle (preview mode disabled)." date="2025-06-10T02:43:11.284" /><!-- duration: 2ms -->
              <step title="Modified file to trigger a restart of the app container." date="2025-06-10T02:43:11.364" /><!-- duration: 11ms -->
              <step title="Skip function trigger and logicapp sync because function is not enabled." date="2025-06-10T02:43:11.392" /><!-- duration: 12ms -->
              <step title="Purge deployment items" date="2025-06-10T02:43:11.965" >
                <step title="Remove temp-a699, Failed, received at 06/10/2025 02:42:32" date="2025-06-10T02:43:12.061" /><!-- duration: 7ms -->
              </step><!-- duration: 113ms -->
            </step><!-- duration: 26323ms -->
          </step><!-- duration: 26990ms -->
          <step title="Cleaning up temp files" date="2025-06-10T02:43:12.128" /><!-- duration: 18ms -->
          <step title="Cleaning up temp files" date="2025-06-10T02:43:12.156" /><!-- duration: 504ms -->
          <step title="Reloading status file with latest updates" date="2025-06-10T02:43:12.745" >
            <step title="WebHooksManager.PublishEventAsync: PostDeployment" date="2025-06-10T02:43:12.939" /><!-- duration: 290ms -->
          </step><!-- duration: 494ms -->
          <step title="Cleaning up temporary deployment - fetch deployment was successful" date="2025-06-10T02:43:13.267" /><!-- duration: 9ms -->
        </step><!-- duration: 28539ms -->
      </step><!-- duration: 31746ms -->
