﻿<?xml version="1.0" encoding="utf-8"?>
<deployment>
  <id>b3b9f2a8f661adb3e7169d576159fc8994fd4c4b1751677137684</id>
  <author>jamesfishwick</author>
  <deployer>GitHub</deployer>
  <authorEmail />
  <message>{"type":"Deployment","sha":"b3b9f2a8f661adb3e7169d576159fc8994fd4c4b","repoName":"jamesfishwick/minimalwave-blog","actor":"jamesfishwick","slotName":"production"}</message>
  <progress />
  <status>Success</status>
  <statusText />
  <lastSuccessEndTime>2025-07-05T00:58:59.6295843Z</lastSuccessEndTime>
  <receivedTime>2025-07-05T00:58:59.6295843Z</receivedTime>
  <startTime>2025-07-05T00:58:59.6295843Z</startTime>
  <endTime>2025-07-05T00:58:59.6295843Z</endTime>
  <complete>True</complete>
  <is_temp>False</is_temp>
  <is_readonly>True</is_readonly>
  <buildSummary />
</deployment>